category,type,id_s,companny_name,products_href,href,last_price,actual_price
Alimentos,perro,LIQ000918,SuperPet,,,,
Accesorios y otros,gato,MD008078,SuperPet,,,,
Super Fin de A침o,promociones,HC000731,SuperPet,,,,
Accesorios y otros,perro,MD006353_m,SuperPet,,,,
Accesorios y otros,perro,MD001896,SuperPet,,,,
Super Fin de A침o,promociones,MD006419,SuperPet,,,,
Alimentos,gato,AG000536,SuperPet,,,,
Salud e Higiene,gato,HC000848,SuperPet,,,,
Salud e Higiene,gato,PS000458,SuperPet,,,,
Alimentos,gato,PG000088,SuperPet,,,,
Accesorios y otros,perro,MD007277_m,SuperPet,,,,
Accesorios y otros,perro,MD008493_m,SuperPet,,,,
Super Fin de A침o,promociones,MD006493_m,SuperPet,,,,
Alimentos,gato,AG000140,SuperPet,,,,
Kitten 游냠,promociones,PS000652,SuperPet,,,,
Alimentos,gato,AG000797,SuperPet,,,,
Alimentos,perro,PP000283,SuperPet,,,,
Salud e higiene,perro,FF000563,SuperPet,,,,
Salud e higiene,perro,HC000722_m,SuperPet,,,,
Alimentos,perro,PP000194,SuperPet,,,,
Accesorios y otros,perro,PS000464,SuperPet,,,,
Puppy 游냤,promociones,HC000661,SuperPet,,,,
Salud e higiene,perro,HC000480,SuperPet,,,,
Salud e Higiene,gato,HC000419,SuperPet,,,,
Alimentos,gato,AG000149_m,SuperPet,,,,
Salud e higiene,perro,MD006821,SuperPet,,,,
Super Fin de A침o,promociones,HC000486,SuperPet,,,,
Accesorios y otros,perro,MD006169,SuperPet,,,,
Super Fin de A침o,promociones,HC000842,SuperPet,,,,
Alimentos,perro,PP000285,SuperPet,,,,
Super Fin de A침o,promociones,MD006555,SuperPet,,,,
Salud e higiene,perro,HC000429,SuperPet,,,,
Super Fin de A침o,promociones,MD006555,SuperPet,,,,
Accesorios y otros,perro,MD008327,SuperPet,,,,
Accesorios y otros,perro,MD007713_m,SuperPet,,,,
Accesorios y otros,gato,MD007936,SuperPet,,,,
Accesorios y otros,perro,MD006657_m,SuperPet,,,,
Accesorios y otros,perro,MD005364,SuperPet,,,,
Super Fin de A침o,promociones,MD008469,SuperPet,,,,
Accesorios y otros,perro,MD006710,SuperPet,,,,
Alimentos,gato,AG000515,SuperPet,,,,
Kitten 游냠,promociones,HC000024_m,SuperPet,,,,
Alimentos,perro,AP001437,SuperPet,,,,
Salud e higiene,perro,PS000407,SuperPet,,,,
Super Fin de A침o,promociones,MD005153,SuperPet,,,,
Accesorios y otros,gato,MD007103,SuperPet,,,,
Super Fin de A침o,promociones,PS000522,SuperPet,,,,
Super Fin de A침o,promociones,PS000755_m,SuperPet,,,,
Alimentos,perro,AP001421,SuperPet,,,,
Accesorios y otros,perro,MD006969_m,SuperPet,,,,
Salud e higiene,perro,FF000690,SuperPet,,,,
Super Fin de A침o,promociones,MD007667,SuperPet,,,,
Accesorios y otros,perro,MD006502_m,SuperPet,,,,
Super Fin de A침o,promociones,MD005170,SuperPet,,,,
Salud e higiene,perro,HC000734,SuperPet,,,,
Accesorios y otros,perro,MD008161_m,SuperPet,,,,
Alimentos,gato,AG000251,SuperPet,,,,
Super Fin de A침o,promociones,PS000639,SuperPet,,,,
Alimentos,gato,PG000075,SuperPet,,,,
Liquidaci칩n,promociones,MD007421,SuperPet,,,,
Super Fin de A침o,promociones,AP000810,SuperPet,,,,
Alimentos,perro,AP000879,SuperPet,,,,
Salud e higiene,perro,FF000565,SuperPet,,,,
Alimentos,perro,PP000299,SuperPet,,,,
Super Fin de A침o,promociones,HC000813,SuperPet,,,,
Alimentos,gato,AG000152_m,SuperPet,,,,
Alimentos,gato,AG000509,SuperPet,,,,
Accesorios y otros,perro,MD000644,SuperPet,,,,
Accesorios y otros,perro,MD007652,SuperPet,,,,
Alimentos,gato,AG000058_m,SuperPet,,,,
Novedades 游댠,promociones,MD008141_m,SuperPet,,,,
Novedades 游댠,promociones,MD007990,SuperPet,,,,
Salud e higiene,perro,HC000431,SuperPet,,,,
Super Fin de A침o,promociones,MD005212,SuperPet,,,,
Accesorios y otros,perro,MD005151,SuperPet,,,,
Accesorios y otros,gato,MD007657,SuperPet,,,,
Accesorios y otros,perro,HC000814,SuperPet,,,,
Accesorios y otros,perro,MD006497_m,SuperPet,,,,
Accesorios y otros,gato,MD006760,SuperPet,,,,
Super Fin de A침o,promociones,MD005200,SuperPet,,,,
Super Fin de A침o,promociones,PS000510,SuperPet,,,,
Salud e higiene,perro,FF000761,SuperPet,,,,
Super Fin de A침o,promociones,MD007080,SuperPet,,,,
Accesorios y otros,perro,MD008303_m,SuperPet,,,,
Accesorios y otros,gato,MD007942,SuperPet,,,,
Salud e higiene,perro,HC000702,SuperPet,,,,
Liquidaci칩n,promociones,MD003611,SuperPet,,,,
Accesorios y otros,perro,MD005379,SuperPet,,,,
Alimentos,perro,PP000107,SuperPet,,,,
Salud e higiene,perro,HC000424,SuperPet,,,,
Accesorios y otros,perro,MD007664,SuperPet,,,,
Accesorios y otros,gato,MD003144,SuperPet,,,,
Super Fin de A침o,promociones,MD006405_m,SuperPet,,,,
Alimentos,perro,AP001440,SuperPet,,,,
Liquidaci칩n,promociones,MD007452,SuperPet,,,,
Alimentos,perro,LIQ000903,SuperPet,,,,
Super Fin de A침o,promociones,AP001079_m,SuperPet,,,,
Accesorios y otros,perro,PS000790,SuperPet,,,,
Super Fin de A침o,promociones,PS000509,SuperPet,,,,
Accesorios y otros,perro,MD007158_m,SuperPet,,,,
Alimento Prescripcion Seco,gatos,,MascotaVeloz,https://mascotaveloz.pe/monge-vet-solution-feline-renal/,,,
Juguetes,perros,,MascotaVeloz,https://mascotaveloz.pe/juguete-mojo-brights-lagarto-zeus/,,,
Promociones,liquidaciones,,MascotaVeloz,https://mascotaveloz.pe/yamis-gato-bocaditos-sabor-carne/,,,
Juguetes Y Catnip,gatos,,MascotaVeloz,https://mascotaveloz.pe/raton-interactivo-giratorio-con-luz-led-blanco-y-naranja/,,,
Suplementos,perros,,MascotaVeloz,https://mascotaveloz.pe/calming-pet-naturals-perros-pequenos-y-gatos-21-tab/,,,
Alimento Humedo,perros,,MascotaVeloz,https://mascotaveloz.pe/belcando-cordero-arroz-y-tomates/,,,
Liquidaciones,liquidaciones,,MascotaVeloz,https://mascotaveloz.pe/purina-fortiflora-suplemento-nutritivo-para-gatos-x-sachet-1gr/,,,
Bebederos,perros,,MascotaVeloz,https://mascotaveloz.pe/comedero-de-madera-doble/,,,
Dermatologicos,perros,,MascotaVeloz,https://mascotaveloz.pe/apoquel-x-5-4-mg-x-tab/,,,
Areneros Y Mas,gatos,,MascotaVeloz,https://mascotaveloz.pe/cats-best-pala/,,,
Juguetes,perros,,MascotaVeloz,https://mascotaveloz.pe/juguete-gallo/,,,
Collares Y Correas,perros,,MascotaVeloz,https://mascotaveloz.pe/trixie-collar-isabelino-con-velcro-para-perros-l-44-53cm/,,,
Otros,gatos,,MascotaVeloz,https://mascotaveloz.pe/apetil-10-ml/,,,
Alimento Humedo,gatos,,MascotaVeloz,https://mascotaveloz.pe/royal-canin-sterilized-loaf-salsa/,,,
Transportadores,perros,,MascotaVeloz,https://mascotaveloz.pe/transportador-vari-kennel-petmate-pequeno/,,,
Promociones,liquidaciones,,MascotaVeloz,https://mascotaveloz.pe/monge-vet-solution-feline-recovery-alutray-100-gr/,,,
Camas,gatos,,MascotaVeloz,https://mascotaveloz.pe/chinqi-confort-bendding-antonio-m/,,,
Snacks,perros,,MascotaVeloz,https://mascotaveloz.pe/hills-sd-natural-soft-savories-peanut-butter-banana/,,,
Alimento Seco,perros,,MascotaVeloz,https://mascotaveloz.pe/royal-canin-bhn-yorkshire-adult/,,,
Snacks,perros,,MascotaVeloz,https://mascotaveloz.pe/dog-fest-adult-duck-meat-sticks/,,,
Comederos,perros,,MascotaVeloz,https://mascotaveloz.pe/plato-fierro-02-bowl-marmol/,,,
Sprays Y Otros,gatos,,MascotaVeloz,https://mascotaveloz.pe/desenredante-sin-nudos-cp-x-locion-120-ml/,,,
Bebederos,gatos,,MascotaVeloz,https://mascotaveloz.pe/cat-it-filtro-fuente-de-agua/,,,
Snacks,perros,,MascotaVeloz,https://mascotaveloz.pe/pets-republic-chanchi-bites/,,,
Snacks,perros,,MascotaVeloz,https://mascotaveloz.pe/monge-gift-meat-bars-immunity-support-dog-adult-conejo-y-nucleotidos/,,,
Antisepticos Y Cicatrizantes,gatos,,MascotaVeloz,https://mascotaveloz.pe/hexocleen-spray/,,,
Rascadores,gatos,,MascotaVeloz,https://mascotaveloz.pe/cat-it-zoo-rascador-jirafa-grande/,,,
Alimento Humedo,gatos,,MascotaVeloz,https://mascotaveloz.pe/royal-canin-sterilized-feline-jelly-gelatina/,,,
Alimento Seco,gatos,,MascotaVeloz,https://mascotaveloz.pe/equilibrio-long-hair-adult-cats/,,,
Oftalmicos,gatos,,MascotaVeloz,https://mascotaveloz.pe/ofloxacina-love-x-5-ml/,,,
Collares Y Correas,perros,,MascotaVeloz,https://mascotaveloz.pe/trixie-collar-isabelino-con-velcro-para-perros-m-36-43cm/,,,
Bebederos,perros,,MascotaVeloz,https://mascotaveloz.pe/plato-fierro-02-bowl-marmol/,,,
Shampoos,perros,,MascotaVeloz,https://mascotaveloz.pe/trixie-shampoo-con-extracto-de-neem-para-perros-250ml/,,,
Bolsas Para Heces,perros,,MascotaVeloz,https://mascotaveloz.pe/bolsas-biodegradable-para-perros-poopbags-22-rollos/,,,
Oticos,gatos,,MascotaVeloz,https://mascotaveloz.pe/enroplus-gel-otico-x-10ml/,,,
Snacks,perros,,MascotaVeloz,https://mascotaveloz.pe/dog-fest-rabbit-ears-with-lamb-55gr-copia/,,,
Cuidado E Higiene,liquidaciones,,MascotaVeloz,https://mascotaveloz.pe/dermapet-fragance-female-125-ml/,,,
Para Mi,pet-society,,MascotaVeloz,https://mascotaveloz.pe/travel-bag/,,,
Antipulgas,gatos,,MascotaVeloz,https://mascotaveloz.pe/revolution-6-x-0-75-ml/,,,
Toppings,perros,,MascotaVeloz,https://mascotaveloz.pe/natural-home-treats-treats-higado-de-res/,,,
Alimento Humedo,perros,,MascotaVeloz,https://mascotaveloz.pe/monge-canine-adult-monoprotein-pato-lata/,,,
Liquidaciones,liquidaciones,,MascotaVeloz,https://mascotaveloz.pe/nexgard-x-68-mg-10-1-25-kg/,,,
Snacks,gatos,,MascotaVeloz,https://mascotaveloz.pe/felix-travesuras-original-mix/,,,
Collares Y Correas,perros,,MascotaVeloz,https://mascotaveloz.pe/trixie-correa-cavo-reflectante-fucsion/,,,
Alimento Seco,perros,,MascotaVeloz,https://mascotaveloz.pe/belcando-adult-gf-ocean/,,,
Alimento Seco,gatos,,MascotaVeloz,https://mascotaveloz.pe/naturalis-gato-adulto-salmon-y-frutas/,,,
Alimento Prescripcion Humedo,perros,,MascotaVeloz,https://mascotaveloz.pe/hills-prescription-diet-w-d-control-de-peso-para-diabetico-alimento-para-perro/,,,
Transportadores,perros,,MascotaVeloz,https://mascotaveloz.pe/transportador-ultra-vari-kennel-40-56kg/,,,
Farmacia,liquidaciones,,MascotaVeloz,https://mascotaveloz.pe/apoquel-x-5-4-mg-x-tab/,,,
Alimento Seco,liquidaciones,,MascotaVeloz,https://mascotaveloz.pe/monge-vet-solution-feline-recovery-alutray-100-gr/,,,
Camas,perros,,MascotaVeloz,https://mascotaveloz.pe/comfort-bed-nino-m/,,,
Alimento Humedo,perros,,MascotaVeloz,https://mascotaveloz.pe/brit-pate-meat-chicken/,,,
Alimento Prescripcion Seco,perros,,MascotaVeloz,https://mascotaveloz.pe/monge-vet-solution-canine-gastrointestinal-puppy-1-5-kg/,,,
Bebederos,gatos,,MascotaVeloz,https://mascotaveloz.pe/bowl-doble-rectangular/,,,
Alimento Seco,gatos,,MascotaVeloz,https://mascotaveloz.pe/pro-plan-adult-cat-7/,,,
Vitaminas,perros,,MascotaVeloz,https://mascotaveloz.pe/pet-tab-plus-x-tableta/,,,
Antipulgas,perros,,MascotaVeloz,https://mascotaveloz.pe/revolution-12-x-2-00-ml-20-1-40kg-verde-x-pipeta/,,,
Suplementos,gatos,,MascotaVeloz,https://mascotaveloz.pe/fit-formula-omega-3-y-6-para-gatos/,,,
Snacks,gatos,,MascotaVeloz,https://mascotaveloz.pe/pets-republic-cordero-y-berries/,,,
Dermatologicos,gatos,,MascotaVeloz,https://mascotaveloz.pe/floxatel-de-100-mg-x-tableta/,,,
Dermatologicos,perros,,MascotaVeloz,https://mascotaveloz.pe/floxatel-de-100-mg-x-tableta/,,,
Alimento Seco,gatos,,MascotaVeloz,https://mascotaveloz.pe/hills-science-diet-feline-perfect-weight/,,,
Oftalmicos,perros,,MascotaVeloz,https://mascotaveloz.pe/flurbiprofeno-gotas-5-ml/,,,
Alimento Seco,otras-mascotas,,MascotaVeloz,https://mascotaveloz.pe/brit-care-snack-de-alfalfa-para-roedores-y-conejos/,,,
Otros,gatos,,MascotaVeloz,https://mascotaveloz.pe/rascador-2-pisos-36x36x55cm/,,,
Antisepticos Y Cicatrizantes,perros,,MascotaVeloz,https://mascotaveloz.pe/ecaderm-spray/,,,
Snacks,gatos,,MascotaVeloz,https://mascotaveloz.pe/fancy-feast-petits-filets-salmon/,,,
Shampoos,gatos,,MascotaVeloz,https://mascotaveloz.pe/pitanga-pet-conditioner-amazonia-pet-care-500ml/,,,
Glam Holder,ki-tag,,MascotaVeloz,,,,
Alimento Prescripcion Humedo,perros,,MascotaVeloz,https://mascotaveloz.pe/hills-prescription-diet-canine-k-d-ckn-vg-stew/,,,
Rascadores,gatos,,MascotaVeloz,https://mascotaveloz.pe/cama-de-madera-para-gatos48x31x19cm/,,,
Liquidaciones,liquidaciones,,MascotaVeloz,https://mascotaveloz.pe/bravecto-500mg-10kg-20kg/,,,
Liquidaciones,liquidaciones,,MascotaVeloz,https://mascotaveloz.pe/transportador-ultra-vari-kennel-interior-color-negro-petmate-813-x-572-x-609-cm/,,,
Higiene Bucal,perros,,MascotaVeloz,https://mascotaveloz.pe/bio-clin-gel-antiplaca/,,,
Juguetes,perros,,MascotaVeloz,https://mascotaveloz.pe/chuckit-amphibious-balls-2/,,,
Otras Mascotas,otras-mascotas,,MascotaVeloz,https://mascotaveloz.pe/brit-care-snack-de-alfalfa-para-roedores-y-conejos/,,,
Liquidaciones,liquidaciones,,MascotaVeloz,https://mascotaveloz.pe/monge-vet-solution-feline-recovery-alutray-100-gr/,,,
Shampoos,gatos,,MascotaVeloz,https://mascotaveloz.pe/aloe-vera-conditioner-amazonia-pet-care-500ml/,,,
Juguetes,perros,,MascotaVeloz,https://mascotaveloz.pe/pelota-jumbo-maciza/,,,
Snacks,gatos,,MascotaVeloz,https://mascotaveloz.pe/churu-tuna-with-scallop-recipe/,,,
Snacks,perros,,MascotaVeloz,https://mascotaveloz.pe/canbo-biscuits-cordero-cachorro/,,,
Shampoos Medicados,perros,,MascotaVeloz,https://mascotaveloz.pe/vetlinex-shampoo-medico-clorhexidina-clotrimazol/,,,
Peines Y Cepillos,perros,,MascotaVeloz,https://mascotaveloz.pe/furminator-undercoat-perro-mediano-pelo-largo/,,,
Alimento Seco,perros,,MascotaVeloz,https://mascotaveloz.pe/brit-care-dog-adult-medium-breed-lr/,,,
Alimento Seco,perros,,MascotaVeloz,https://mascotaveloz.pe/hills-sd-canine-adult-light-small-and-mini-4-5-lb/,,,
Alimento Seco,gatos,,MascotaVeloz,https://mascotaveloz.pe/fbn-persian/,,,
Suplementos,gatos,,MascotaVeloz,https://mascotaveloz.pe/purina-fortiflora-suplemento-nutritivo-para-gatos-x-sachet-1gr/,,,
Otros,perros,,MascotaVeloz,https://mascotaveloz.pe/relay-c-x-tableta/,,,
Alimento Seco,perros,,MascotaVeloz,https://mascotaveloz.pe/taste-of-the-wild-pacific-stream-puppy/,,,
Protectores Hepaticos,perros,,MascotaVeloz,https://mascotaveloz.pe/antitoxico-oral-gotero-x-20-ml/,,,
Alimento Prescripcion Seco,perros,,MascotaVeloz,https://mascotaveloz.pe/hills-pd-derm-complete/,,,
Juguetes,perros,,MascotaVeloz,https://mascotaveloz.pe/kong-puppet-teaser/,,,
Snacks,gatos,,MascotaVeloz,https://mascotaveloz.pe/cat-it-creamy-atun-4-x-10-gr/,,,
Camas,perros,,MascotaVeloz,https://mascotaveloz.pe/cama-para-mascotas-pato/,,,
Ropa,perros,,MascotaVeloz,https://mascotaveloz.pe/chaleco-mickey-negro/,,,
Camas,perros,,MascotaVeloz,https://mascotaveloz.pe/smartpet-cool-mat-circular/,,,
Fragancias,perros,,MascotaVeloz,https://mascotaveloz.pe/ansiedad-gotas/,,,
Shampoos,perros,,MascotaVeloz,https://mascotaveloz.pe/trixie-shampoo-delicado-para-perros-cachorros-250ml/,,,
Snacks,perros,,MascotaVeloz,https://mascotaveloz.pe/monge-gift-sticks-mobility-support-dog-adult-trucha-y-curcuma/,,,
Alimento Seco,perros,,MascotaVeloz,https://mascotaveloz.pe/hills-sd-adult-chicken-perros-adultos-mascotaveloz/,,,
Juguetes,perros,,Mascotify,https://mascotify.pe/perros/accesorios-y-otros/juguetes/gigwi-bulb-small-juguete-para-perros/,,,
Alimento,gatos,,Mascotify,https://mascotify.pe/gatos/alimento-gatos/alimento-humedo-gatos/ricocat-filetitos-en-salsa-de-atun-gatos-adultos/,,,
Alimento,gatos,,Mascotify,https://mascotify.pe/gatos/alimento-gatos/snacks-alimento-gatos/churu-atun-con-vieras-snack-humedo-para-gatos/,,,
Alimento seco,gatos,,Mascotify,https://mascotify.pe/gatos/alimento-gatos/alimento-seco-gatos/monge-cat-urinary-cuidado-urinario-para-gatos/,,,
Alimento,gatos,,Mascotify,https://mascotify.pe/gatos/alimento-gatos/snacks-alimento-gatos/brit-care-cat-snack-dental-snack-para-gatos/,,,
Arena y cuidado,gatos,,Mascotify,https://mascotify.pe/perros/cuidado-e-higiene/suplementos-y-vitaminas/felovite-ii-con-taurina-suplemento-para-gatos/,,,
Accesorios y otros,perros,,Mascotify,https://mascotify.pe/perros/accesorios-y-otros/juguetes/hartz-junge-plush-jirafa-juguete-para-perros/,,,
Alimento,perros,,Mascotify,https://mascotify.pe/perros/alimento/alimento-seco/brit-care-adult-mini-grain-free-cordero/,,,
Platos y bebederos,perros,,Mascotify,https://mascotify.pe/perros/accesorios-y-otros/platos-bebederos/lickimat-slodog-comedero-rigido-anti-ansiedad/,,,
Suplementos y vitaminas,perros,,Mascotify,https://mascotify.pe/perros/cuidado-e-higiene/suplementos-y-vitaminas/fit-formula-omega-3-y-6-para-cachorros/,,,
Collares y arneses,gatos,,Mascotify,https://mascotify.pe/gatos/accesorios-y-otros-gatos/collares-y-arneses-gatos/zeecat-arnes-correa-para-gatos-modelo-tarot/,,,
Alimento,perros,,Mascotify,https://mascotify.pe/perros/alimento/snacks/dingo-large-bone-carnaza-para-perros-grande/,,,
Platos y bebederos,perros,,Mascotify,https://mascotify.pe/perros/accesorios-y-otros/platos-bebederos/zeedog-tuff-bowl-lime-green-comedero-para-perros/,,,
Cuidado e higiene,perros,,Mascotify,https://mascotify.pe/perros/cuidado-e-higiene/farmacos/crema-livre-uso-dermatologico-en-perros-y-gatos/,,,
Alimento h칰medo,gatos,,Mascotify,https://mascotify.pe/gatos/alimento-gatos/alimento-humedo-gatos/leonardo-ave-de-corral-x-85gr-gatitos/,,,
Cuidado e higiene,perros,,Mascotify,https://mascotify.pe/perros/cuidado-e-higiene/cuidado-externo/ecaderm-spray-antibacterial-120ml/,,,
Antipulgas,perros,,Mascotify,https://mascotify.pe/perros/cuidado-e-higiene/antipulgas/nexgard-28mg-antipulgas-y-antiparasitario-para-perros-de-4kg-a-10kg/,,,
Accesorios y otros,perros,,Mascotify,https://mascotify.pe/perros/accesorios-y-otros/correas/zeedog-correa-para-perros-modelo-mtv/,,,
Cuidado externo,perros,,Mascotify,https://mascotify.pe/perros/cuidado-e-higiene/cuidado-externo/vets-best-bitter-cherry-spray-corrector-amargo/,,,
Shampoo,perros,,Mascotify,https://mascotify.pe/perros/cuidado-e-higiene/shampoo/ecaderm-avena-shampoo-medicado/,,,
Accesorios y otros,perros,,Mascotify,https://mascotify.pe/perros/accesorios-y-otros/correas/zeedog-correa-para-perros-handsfree-army-green/,,,
Juguetes,gatos,,Mascotify,https://mascotify.pe/gatos/accesorios-y-otros-gatos/juguetes-gatos/hartz-jfc-kitty-caster-juguete-para-gatos/,,,
Alimento,gatos,,Mascotify,https://mascotify.pe/gatos/alimento-gatos/alimento-seco-gatos/equilibrio-veterinary-urinary-ur-cuidado-urinario/,,,
Alimento,gatos,,Mascotify,https://mascotify.pe/gatos/alimento-gatos/alimento-humedo-gatos/applaws-filete-de-atun-con-algas-marinas-gatos-adultos/,,,
Antipulgas,perros,,Mascotify,https://mascotify.pe/perros/cuidado-e-higiene/antipulgas/atrevia-one-medium-200mg-perros-de-10-a-20kg/,,,
Alimento h칰medo,gatos,,Mascotify,https://mascotify.pe/gatos/alimento-gatos/alimento-humedo-gatos/canbo-pate-higado-y-pollo-x-85gr-gatitos/,,,
Alimento,perros,,Mascotify,https://mascotify.pe/perros/alimento/alimento-humedo/ricocan-estofado-sabor-pollo-290gr-perros-razas-pequenas/,,,
Accesorios y otros,gatos,,Mascotify,https://mascotify.pe/gatos/accesorios-y-otros-gatos/collares-y-arneses-gatos/zeecat-arnes-correa-para-gatos-ultimate-blue/,,,
Accesorios y otros,perros,,Mascotify,https://mascotify.pe/perros/accesorios-y-otros/collares-y-arneses/waudog-mad-love-dc-comics-placa-smart-id/,,,
Cuidado e higiene,perros,,Mascotify,https://mascotify.pe/perros/cuidado-e-higiene/antipulgas/proteggo-m-mini-2-a-4-5kg-45mg-protege-1-mes/,,,
Suplementos y vitaminas,perros,,Mascotify,https://mascotify.pe/perros/cuidado-e-higiene/suplementos-y-vitaminas/vi-sorbits-suplemento-de-vitaminas-y-minerales/,,,
Shampoo,perros,,Mascotify,https://mascotify.pe/perros/cuidado-e-higiene/shampoo/arm-hammer-odor-control-kiwi-blossom-spray/,,,
Accesorios y otros,perros,,Mascotify,https://mascotify.pe/perros/accesorios-y-otros/platos-bebederos/ferplast-contenedor-feedy-para-comida-seca/,,,
Suplementos y vitaminas,gatos,,Mascotify,https://mascotify.pe/perros/cuidado-e-higiene/suplementos-y-vitaminas/hematolic-suplemento-nutricional-para-perros-y-gatos/,,,
Accesorios y otros,perros,,Mascotify,https://mascotify.pe/perros/accesorios-y-otros/collares-y-arneses/zeedog-arnes-air-mesh-pink-led-para-perros/,,,
Alimento,gatos,,Mascotify,https://mascotify.pe/gatos/alimento-gatos/alimento-humedo-gatos/brit-care-fillets-in-gravy-tender-turkey-salmon-85gr/,,,
Arena y cuidado,gatos,,Mascotify,https://mascotify.pe/gatos/arena-y-cuidado/arena/intersand-simple-x-10kg-arena-para-gatos/,,,
Alimento h칰medo,gatos,,Mascotify,https://mascotify.pe/gatos/alimento-gatos/alimento-humedo-gatos/hills-sd-adult-7-tender-tuna-dinner-alimento-para-gatos-senior/,,,
Antipulgas,perros,,Mascotify,https://mascotify.pe/perros/cuidado-e-higiene/antipulgas/nexgard-spectra-2kg-a-3-5kg-antipulgas-y-antiparasitario/,,,
Alimento,gatos,,Mascotify,https://mascotify.pe/gatos/alimento-gatos/alimento-humedo-gatos/bravery-pechuga-de-pollo-y-zanahoria-gatos-castrados/,,,
Accesorios y otros,perros,,Mascotify,https://mascotify.pe/perros/accesorios-y-otros/platos-bebederos/zeemat-lime-bandeja-de-comedero-para-perros/,,,
Alimento h칰medo,perros,,Mascotify,https://mascotify.pe/perros/alimento/alimento-humedo/monge-vetsolution-canine-recovery-150gr/,,,
Shampoo,perros,,Mascotify,https://mascotify.pe/perros/cuidado-e-higiene/shampoo/suavipet-locion-desenredante-para-perros-y-gatos/,,,
Cuidado e higiene,perros,,Mascotify,https://mascotify.pe/perros/cuidado-e-higiene/panales-y-control-de-orina/home-guard-panos-de-entrenamiento-para-cachorros/,,,
Cuidado e higiene,perros,,Mascotify,https://mascotify.pe/perros/cuidado-e-higiene/antipulgas/seresto-collar-antipulgas-para-perros-8kg/,,,
Alimento h칰medo,gatos,,Mascotify,https://mascotify.pe/gatos/alimento-gatos/alimento-humedo-gatos/bravery-caballa-alimento-para-gatitos/,,,
Alimento,gatos,,Mascotify,https://mascotify.pe/gatos/alimento-gatos/alimento-humedo-gatos/origens-filete-de-atun-y-papaya-alimento-para-gatos/,,,
Collares y arneses,perros,,Mascotify,https://mascotify.pe/perros/accesorios-y-otros/collares-y-arneses/zeedog-arnes-air-mesh-honey-para-perros/,,,
Cuidado oral,perros,,Mascotify,https://mascotify.pe/perros/accesorios-y-otros/juguetes/arm-hammer-nubbies-tribone-juguete-dental-para-perros/,,,
Accesorios y otros,perros,,Mascotify,https://mascotify.pe/perros/accesorios-y-otros/correas/zeedog-correa-para-perros-modelo-pink-wave/,,,
Collares y arneses,perros,,Mascotify,https://mascotify.pe/perros/accesorios-y-otros/collares-y-arneses/zeedog-arnes-air-mesh-blast-para-perros/,,,
Areneros y accesorios,gatos,,Mascotify,https://mascotify.pe/gatos/arena-y-cuidado/areneros-y-accesorios/ferplast-zerbino-alfombra-para-caja-de-arena/,,,
Alimento,perros,,Mascotify,https://mascotify.pe/perros/alimento/alimento-seco/gran-plus-senior-pollo-y-arroz-perros-de-edad-mayor/,,,
Snacks,gatos,,Mascotify,https://mascotify.pe/gatos/alimento-gatos/snacks-alimento-gatos/brit-care-cat-snack-superfruits-chicken/,,,
Snacks,perros,,Mascotify,https://mascotify.pe/perros/alimento/snacks/canvit-mobility-200gr-snack-para-perros-adultos/,,,
Accesorios y otros,perros,,Mascotify,https://mascotify.pe/perros/accesorios-y-otros/collares-y-arneses/zeedog-collar-para-perros-modelo-prisma/,,,
Collares y arneses,gatos,,Mascotify,https://mascotify.pe/gatos/accesorios-y-otros-gatos/collares-y-arneses-gatos/zeecat-collar-para-gatos-modelo-aura/,,,
Collares y arneses,perros,,Mascotify,https://mascotify.pe/perros/accesorios-y-otros/collares-y-arneses/zeedog-arnes-para-perros-neopro-bubblegum/,,,
Antipulgas,perros,,Mascotify,https://mascotify.pe/perros/cuidado-e-higiene/antipulgas/rivolta-6-hasta-2-5kg-pipeta-antipulgas-y-antiparasitario/,,,
Platos y bebederos,gatos,,Mascotify,https://mascotify.pe/gatos/accesorios-y-otros-gatos/platos-bebederos-gatos/catit-repuesto-de-filtro-para-flower-fountain/,,,
Suplementos y vitaminas,perros,,Mascotify,https://mascotify.pe/perros/cuidado-e-higiene/suplementos-y-vitaminas/senilpet-cerebral-5-suplemento-para-perros-senior/,,,
Alimento,perros,,Mascotify,https://mascotify.pe/perros/alimento/alimento-seco/belcando-adult-gf-ocean-adultos-razas-medianas-y-grandes/,,,
Cuidado e higiene,perros,,Mascotify,https://mascotify.pe/perros/cuidado-e-higiene/cuidado-oral/arm-hammer-spray-aliento-fresco-sabor-menta-para-perros/,,,
Alimento Seco,perros,,Mascotify,https://mascotify.pe/perros/alimento/alimento-seco/brit-premium-sensitive-lamb-cordero-todas-las-razas/,,,
Ropa,perros,,Mascotify,https://mascotify.pe/perros/accesorios-y-otros/ropa/armony-collar-para-perros/,,,
Accesorios y otros,perros,,Mascotify,https://mascotify.pe/perros/accesorios-y-otros/correas/zeerun-canguro-y-cinturon-para-correr/,,,
Alimento h칰medo,gatos,,Mascotify,https://mascotify.pe/gatos/alimento-gatos/alimento-humedo-gatos/applaws-filete-de-atun-gatos-adultos/,,,
Collares y arneses,perros,,Mascotify,https://mascotify.pe/perros/accesorios-y-otros/collares-y-arneses/zeedog-arnes-para-perros-modelo-atlanta/,,,
Accesorios y otros,gatos,,Mascotify,https://mascotify.pe/perros/accesorios-y-otros/platos-bebederos/ferplast-contenedor-feedy-para-comida-seca/,,,
Juguetes,gatos,,Mascotify,https://mascotify.pe/gatos/accesorios-y-otros-gatos/juguetes-gatos/catit-senses-2-0-wave-circuit-juego-para-gatos/,,,
Porta bolsas y repuestos,perros,,Mascotify,https://mascotify.pe/perros/cuidado-e-higiene/porta-bolsas-y-repuestos/zeedog-dispensador-de-bolsas-para-desechos-de-perros/,,,
Cuidado externo,perros,,Mascotify,https://mascotify.pe/perros/cuidado-e-higiene/cuidado-externo/beaphar-stop-it-spray-educador-para-perros/,,,
Arena y cuidado,gatos,,Mascotify,https://mascotify.pe/perros/cuidado-e-higiene/cuidado-externo/natures-miracle-spray-neutralizador-de-olores-de-mascotas/,,,
Cuidado e higiene,perros,,Mascotify,https://mascotify.pe/perros/cuidado-e-higiene/antipulgas/zoetis-revolution-pipeta-antipulgas-perros-10-20kg/,,,
Alimento,perros,,Mascotify,https://mascotify.pe/perros/alimento/alimento-seco/monge-adult-salmon-y-arroz-adultos-todas-las-razas/,,,
Platos y bebederos,perros,,Mascotify,https://mascotify.pe/perros/accesorios-y-otros/platos-bebederos/lickimat-soother-tuff-bandeja-rigida-anti-ansiedad/,,,
Alimento h칰medo,perros,,Mascotify,https://mascotify.pe/perros/alimento/alimento-humedo/belcando-lamb-single-protein-adultos-de-todas-las-razas/,,,
Alimento,perros,,Mascotify,https://mascotify.pe/perros/alimento/snacks/canvit-piel-pelo-snack-para-perros/,,,
Alimento,perros,,Mascotify,https://mascotify.pe/perros/alimento/alimento-seco/brit-care-adult-mini-yorkshire-grain-free-salmon-tuna/,,,
"Cortadoras, peines y cepillos",perros,,Mascotify,https://mascotify.pe/perros/accesorios-y-otros/cortadoras-peines-y-cepillos/gigwi-cepillo-dual-para-perros-y-gatos/,,,
Ropa,perros,,Mascotify,https://mascotify.pe/perros/accesorios-y-otros/ropa/max-molly-bandana-reversible-magical/,,,
Alimento,gatos,,Mascotify,https://mascotify.pe/gatos/alimento-gatos/snacks-alimento-gatos/cremi-salmon-tuna-recipe-x-5-snack-cremoso-para-gatos/,,,
Alimento h칰medo,gatos,,Mascotify,https://mascotify.pe/gatos/alimento-gatos/alimento-humedo-gatos/monge-vetsolution-feline-renal-and-oxalate-100gr/,,,
Accesorios y otros,perros,,Mascotify,https://mascotify.pe/perros/accesorios-y-otros/collares-y-arneses/zeedog-arnes-para-perros-modelo-stardust/,,,
Correas,perros,,Mascotify,https://mascotify.pe/perros/accesorios-y-otros/correas/zeedog-correa-para-perros-neopro-bubblegum/,,,
Alimento h칰medo,gatos,,Mascotify,https://mascotify.pe/gatos/alimento-gatos/alimento-humedo-gatos/ricocat-trocitos-en-salsa-de-salmon-gatos-adultos/,,,
Accesorios y otros,perros,,Mascotify,https://mascotify.pe/perros/accesorios-y-otros/ropa/max-molly-bandana-reversible-kiwi/,,,
Alimento Seco,perros,,Mascotify,https://mascotify.pe/perros/alimento/alimento-seco/bravery-pollo-perros-adultos-de-razas-pequenas/,,,
Collares y arneses,perros,,Mascotify,https://mascotify.pe/perros/accesorios-y-otros/collares-y-arneses/zeedog-collar-para-perros-neopro-apex/,,,
Cuidado e higiene,perros,,Mascotify,https://mascotify.pe/perros/cuidado-e-higiene/antipulgas/credelio-22-a-45kg-900mg-antipulgas-para-perros/,,,
Alimento,perros,,Mascotify,https://mascotify.pe/perros/alimento/alimento-humedo/hills-pd-i-d-estofado-x-156gr-salud-gastrointestinal/,,,
Alimento h칰medo,gatos,,Mascotify,https://mascotify.pe/gatos/alimento-gatos/alimento-humedo-gatos/bravery-lomo-de-atun-y-zanahorias-gatos-castrados/,,,
Arena y cuidado,gatos,,Mascotify,https://mascotify.pe/perros/cuidado-e-higiene/suplementos-y-vitaminas/geriax-x-30-tabletas-suplemento-para-perros-y-gatos/,,,
Antipulgas,perros,,Mascotify,https://mascotify.pe/perros/cuidado-e-higiene/antipulgas/credelio-22-a-45kg-900mg-antipulgas-para-perros/,,,
Cuidado e higiene,perros,,Mascotify,https://mascotify.pe/perros/cuidado-e-higiene/antipulgas/bravecto-1000mg-antipulgas-para-perros-20-a-40kg/,,,
Accesorios y otros,perros,,Mascotify,https://mascotify.pe/perros/accesorios-y-otros/juguetes/max-molly-woody-the-sheep-juguete-para-perros/,,,
Accesorios y otros,perros,,Mascotify,https://mascotify.pe/perros/accesorios-y-otros/platos-bebederos/zeebowl-bordeau-comedero-ajustable-para-perros/,,,
Alimento seco,gatos,,Mascotify,https://mascotify.pe/gatos/alimento-gatos/alimento-seco-gatos/canbo-sterilized-care-gatos-adultos-castrados/,,,
F치rmacos,perros,,Mascotify,https://mascotify.pe/perros/cuidado-e-higiene/farmacos/otolog-x-25ml-unguento-otico-para-perros-y-gatos/,,,
Arena y cuidado,gatos,,Mascotify,https://mascotify.pe/gatos/arena-y-cuidado/suplementos-y-vitaminas-gatos/petag-ut-solution-gel-100gr-suplemento-tracto-urinario-gatos/,,,
,medicamentos,,PharmiVet,https://pharmivet.pe/vitaminas/455-crema-protectora-x-120-grs-8410107001.html,,,
,antipulgas,,PharmiVet,https://pharmivet.pe/pipetas/470-pipeta-dominal-spoton-gatos-x-1-ml-4--8-kg-8330902007.html,,,
,gatos,,PharmiVet,https://pharmivet.pe/antibioticos/709-hialurina-x-10-ml-8390103008.html,,,
,medicamentos,,PharmiVet,https://pharmivet.pe/antibioticos/1133-stomorgyl-10-mg-x-20-tab-8240103001.html,,,
,gatos,,PharmiVet,https://pharmivet.pe/vitaminas/1167-petprazol-20-mg-x-30-comp-8240111021.html,,,
,medicamentos,,PharmiVet,https://pharmivet.pe/antibioticos/509-fortevita-oral-x-20-ml-8350103002.html,,,
,gatos,,PharmiVet,https://pharmivet.pe/adulto/596-proplan-adult-cat-x-3-kg-8220301017.html,,,
,perros,,PharmiVet,https://pharmivet.pe/pipetas/745-nort-pipeta-canino-15-ml-2-a-10-kg-8230902004.html,,,
,perros,,PharmiVet,https://pharmivet.pe/suplementos/1103-mirrapel-jarabe-para-perros-y-gatos-x-236-ml-8241305011.html,,,
,antipulgas,,PharmiVet,https://pharmivet.pe/antipulgas/679-pipeta-xelamec-spot-x-025-hasta-250-kg-x-und-8030902013.html,,,
,gatos,,PharmiVet,https://pharmivet.pe/vitaminas/1176-hepatol-nf-x-50-ml-8540107003.html,,,
,gatos,,PharmiVet,https://pharmivet.pe/promocion/609-proteliv-x-15-ml-8670107001.html,,,
,perros,,PharmiVet,https://pharmivet.pe/pipetas/586-pipeta-power-ultra-de-11-20-kg-8390902003.html,,,
,gatos,,PharmiVet,https://pharmivet.pe/antibioticos/1117-propantelina-triton-x-16-tab-8370103004.html,,,
,gatos,,PharmiVet,https://pharmivet.pe/utiles-de-aseo/393-shampoo-pet-line-glicerina-y-tuna-x-330-ml-8411501003.html,,,
,antipulgas,,PharmiVet,https://pharmivet.pe/antipulgas/695-pipeta-rivolta-6-26kg--75kg-x-unidad-8010902027.html,,,
,promocion,,PharmiVet,https://pharmivet.pe/promocion/1393-arena-sanitaria-aroma-limon-x-8-kg-pala-sanitaria-comedero-8080403009.html,,,
,perros,,PharmiVet,https://pharmivet.pe/vitaminas/1082-glicopan-pet-x-125ml-8240107006.html,,,
,medicamentos,,PharmiVet,https://pharmivet.pe/medicamentos/812-ranitidina-jhon-martin-x-10-comprimidos-8130111002.html,,,
,medicamentos,,PharmiVet,https://pharmivet.pe/medicamentos/1083-hematofos-b12-x-250-ml-8030107027.html,,,
,antipulgas,,PharmiVet,https://pharmivet.pe/antipulgas/680-pipeta-xelamec-spot-x-050ml-de-25-kg-a-5-kg-x-und-8030902011.html,,,
,antipulgas,,PharmiVet,https://pharmivet.pe/pipetas/504-pipeta-fipronex-g5-x-6-ml-de-20-a-40-kgpor-und-8030902017.html,,,
,perros,,PharmiVet,https://pharmivet.pe/antibioticos/1149-uroflogin-x-16-tab-8370103009.html,,,
,alimentos,,PharmiVet,https://pharmivet.pe/alimentos/1459-brit-care-cat-sterilized-urinary-health-x-7-kg-8990301046.html,,,
,perros,,PharmiVet,https://pharmivet.pe/antianemicos/574-pileran-x-50-ml-inyectable-8670109002.html,,,
,antipulgas,,PharmiVet,https://pharmivet.pe/promocion/405-pipeta-advantix-1x-25-ml-10--25-kg-8170902004.html,,,
,alimentos,,PharmiVet,https://pharmivet.pe/alimentos/1374-nutribites-salmon-strips-x-50-gr-8030304010.html,,,
,gatos,,PharmiVet,https://pharmivet.pe/antibioticos/546-ocubiotic-con-esteroides-x-5-ml-8130103018.html,,,
,gatos,,PharmiVet,https://pharmivet.pe/antibioticos/1092-histaprov-x-100-ml-8410104003.html,,,
,promocion,,PharmiVet,https://pharmivet.pe/promocion/1208-atrevia-one-large-de-20--40-kg-x-1-tab-8030903040.html,,,
,medicamentos,,PharmiVet,https://pharmivet.pe/antibioticos/1155-hemostop-x-30-tab--8030103027.html,,,
,perros,,PharmiVet,https://pharmivet.pe/antiinflamatorios/730-alerflam-iny-x-20-ml-8400104019.html,,,
,perros,,PharmiVet,https://pharmivet.pe/promocion/1517-liquidacion_proplan-adult-reduce-calories-raza-med-y-grande-x-3-kg-82203010071.html,,,
,alimentos,,PharmiVet,https://pharmivet.pe/cachorro/762-proplan-puppy-polloarroz-lata-3685-gr-8220305047.html,,,
,suplementos,,PharmiVet,https://pharmivet.pe/suplementos/717-pelo-_-derme-750-x-60-cap-8241305019.html,,,
,gatos,,PharmiVet,https://pharmivet.pe/antibioticos/537-meloxisan-pets-x-50-ml-8080103015.html,,,
,gatos,,PharmiVet,https://pharmivet.pe/promocion/1127-530-silimavet-x-32-tab-8560103003.html#/44-presentacion-caja_x_32_tab,,,
,gatos,,PharmiVet,https://pharmivet.pe/antiparasitarios/1144-trivermex-comprimidos-x-72-comp-8360105014.html,,,
,perros,,PharmiVet,https://pharmivet.pe/por-tipo-de-mascota/1180-643-credelio-25kg--55kg-x-und-8620903004.html#/117-presentacion-caja_x_3_tab,,,
,promocion,,PharmiVet,https://pharmivet.pe/promocion/1106-nex-gard-136-mg-de-2550-kg-x-3-tab-8240903006.html,,,
,perros,,PharmiVet,https://pharmivet.pe/antiparasitarios/664-total-full-cg-susp-x-15-ml-8670105001.html,,,
,perros,,PharmiVet,https://pharmivet.pe/medicamentos/482-equigan-x-10-ml-8230106001.html,,,
,medicamentos,,PharmiVet,https://pharmivet.pe/medicamentos/1225-enzimax-x-20-comp-8670107007.html,,,
,perros,,PharmiVet,https://pharmivet.pe/pipetas/744-nort-pipeta-canino-3ml-11-a-20-kg-8230902005.html,,,
,promocion,,PharmiVet,https://pharmivet.pe/promocion/1337-liquidacion_-nutravet-formacion-y-crecimientox-90-tab-84001070301.html,,,
,perros,,PharmiVet,https://pharmivet.pe/antibioticos/1003-amoxi-tabs-c-250-mg-x-50-und-8030103002.html,,,
,gatos,,PharmiVet,https://pharmivet.pe/utiles-de-aseo/480-epiotic-sis-x-100-ml-8531502001.html,,,
,alimentos,,PharmiVet,https://pharmivet.pe/alimentos/1444-brit-mono-protein-lamb-_-rice-x-400-gr-8990301031.html,,,
,perros,,PharmiVet,https://pharmivet.pe/antibioticos/454-crema-6a-x-15-gr-8130103014.html,,,
,medicamentos,,PharmiVet,https://pharmivet.pe/antibioticos/445-ciproplus-gel-otico-x-10-ml-8360103004.html,,,
,perros,,PharmiVet,https://pharmivet.pe/medicamentos/1375-sucralvet-gel-oral-8990114006.html,,,
,perros,,PharmiVet,https://pharmivet.pe/higiene-y-cuidado/755-oral-care-gel-x-80-gr-8130402001.html,,,
,gatos,,PharmiVet,https://pharmivet.pe/antiinflamatorios/530-labyderm-bioforce-spray-x-100-ml-8130104001.html,,,
,gatos,,PharmiVet,https://pharmivet.pe/promocion/1503-liquidacion_pipeta-revolution-6-x-025-ml-0-25-kg-x-und-81109020051.html,,,
,promocion,,PharmiVet,https://pharmivet.pe/promocion/1517-liquidacion_proplan-adult-reduce-calories-raza-med-y-grande-x-3-kg-82203010071.html,,,
,medicamentos,,PharmiVet,https://pharmivet.pe/medicamentos/1090-hierro-plus-x-100-ml-8080107006.html,,,
,medicamentos,,PharmiVet,https://pharmivet.pe/medicamentos/1205-clavaseptin-500-mg-x-10-tab-8130103121.html,,,
,perros,,PharmiVet,https://pharmivet.pe/medicamentos/1008-apoquel-36-mg-x-20-tab-8110104002.html,,,
,alimentos,,PharmiVet,https://pharmivet.pe/alimentos/430-hill_s-canine-hd-176-lb-x-800-kg-8240302003.html,,,
,perros,,PharmiVet,https://pharmivet.pe/vitaminas/1091-histapet-x-40-tab-8400104006.html,,,
,medicamentos,,PharmiVet,https://pharmivet.pe/medicamentos/1162-super-chevinal-perros-x-100-ml-8570107006.html,,,
,medicamentos,,PharmiVet,https://pharmivet.pe/promocion/859-dolvit-calm-x-30-comp-8360112001.html,,,
,perros,,PharmiVet,https://pharmivet.pe/antiparasitarios/518-glaucovet-1-x-5-ml-8360114008.html,,,
,ultimas_unidades,,PharmiVet,https://pharmivet.pe/promocion/1337-liquidacion_-nutravet-formacion-y-crecimientox-90-tab-84001070301.html,,,
,gatos,,PharmiVet,https://pharmivet.pe/cicatrizantes/1257-cicatrivet-x-25-gr--veterline-8400108001.html,,,
,alimentos,,PharmiVet,https://pharmivet.pe/alimentos/855-vet-solution-feline-recovery-x-100-gr-8240305049.html,,,
,promocion,,PharmiVet,https://pharmivet.pe/promocion/1129-simparica-40-mg-de-10--20-kg-x-unidad-81109030111.html,,,
,medicamentos,,PharmiVet,https://pharmivet.pe/antiparasitarios/664-total-full-cg-susp-x-15-ml-8670105001.html,,,
,antipulgas,,PharmiVet,https://pharmivet.pe/collares/1222-dominal-collar-gato-x-13-gr-8330904008.html,,,
,alimentos,,PharmiVet,https://pharmivet.pe/alimentos/926-equilibrio-adult-small-breed-x-2-kg-8140302014.html,,,
,perros,,PharmiVet,https://pharmivet.pe/antibioticos/442-ciclocell-2-x-5-ml-8360104005.html,,,
,alimentos,,PharmiVet,https://pharmivet.pe/alimentos/955-pd-canine-onc-care-6-lb-272-kg-8240302051.html,,,
,perros,,PharmiVet,https://pharmivet.pe/vitaminas/1132-sosten-cg-oral-x-80-tab-8370113003.html,,,
,alimentos,,PharmiVet,https://pharmivet.pe/promocion/1449-brit-care-cat-haircare-healt-_-shiny-coat-x-7-kg-8990301042.html,,,
,perros,,PharmiVet,https://pharmivet.pe/alimentos/1371-nutribites-lamb-slices-x-100-gr-8030304007.html,,,
,medicamentos,,PharmiVet,https://pharmivet.pe/medicamentos/947-flores-de-bach-miedo-x-30-ml-8670101003.html,,,
,perros,,PharmiVet,https://pharmivet.pe/medicamentos/611-ranitidina-jhon-martin-x-50-ml-8130111001.html,,,
,promocion,,PharmiVet,https://pharmivet.pe/promocion/1485-pack-total-full-cg-susp-x-15-ml-_palitos-smartsticks-chicken-x-92-gr-8670105004.html,,,
,perros,,PharmiVet,https://pharmivet.pe/medicamentos/1057-dexaveter-x-250-ml-8260104002.html,,,
,gatos,,PharmiVet,https://pharmivet.pe/vitaminas/1054-complejo-b-celectrolitos-x-10-gr-x-50-sobres-8010107010.html,,,
,medicamentos,,PharmiVet,https://pharmivet.pe/antiparasitarios/1081-giacoccide-verde-10-kg-x-20-tab-8370103007.html,,,
,gatos,,PharmiVet,https://pharmivet.pe/cicatrizantes/621-sanitol-pasta-x-60-gr-8080108002.html,,,
,perros,,PharmiVet,https://pharmivet.pe/alimentos/604-proplan-sensitive-small-breed-x-3-kg-8220301020.html,,,
,gatos,,PharmiVet,https://pharmivet.pe/pipetas/706-pipeta-advantage-gatos-48kg-8170902014.html,,,
,gatos,,PharmiVet,https://pharmivet.pe/higiene-y-cuidado/712-espuma-para-el-cuidado-dental-x-133-ml-8390402004.html,,,
,ultimas_unidades,,PharmiVet,https://pharmivet.pe/promocion/1519-liquidacion_hill_s-canine-wd-x-385-kg-8240302054.html,,,
,perros,,PharmiVet,https://pharmivet.pe/alimentos/430-hill_s-canine-hd-176-lb-x-800-kg-8240302003.html,,,
,alimentos,,PharmiVet,https://pharmivet.pe/alimentos/932-fancy-feast-kiss-filete-de-pollo-x-4-tubos-8220304002.html,,,
,perros,,PharmiVet,https://pharmivet.pe/medicamentos/444-ciclosporina-1-x-35-gr-8670103006.html,,,
,medicamentos,,PharmiVet,https://pharmivet.pe/cicatrizantes/621-sanitol-pasta-x-60-gr-8080108002.html,,,
,higiene_cuidado,,PharmiVet,https://pharmivet.pe/higiene-y-cuidado/1396-gift_-pala-de-arena-sanitaria-8080403005.html,,,
,perros,,PharmiVet,https://pharmivet.pe/utiles-de-aseo/702-shampoo-hartz-groomers-best-3-en-1-x-532-ml-8531501002.html,,,
,alimentos,,PharmiVet,https://pharmivet.pe/cachorro/629-hill_s-sd-puppy-development-smb-chicken-x-2-kg-8240301012.html,,,
,medicamentos,,PharmiVet,https://pharmivet.pe/medicamentos/1009-264-apoquel-54-mg-x-20-tab-8110104004.html#/46-presentacion-caja_x_20_tab,,,
,perros,,PharmiVet,https://pharmivet.pe/instrumentos-y-accesorios/653-sutura-de-acido-poliglicolico--1--8300601032.html,,,
,higiene_cuidado,,PharmiVet,https://pharmivet.pe/higiene-y-cuidado/984-aditivo-para-agua-cuidado-oral-cachorro-x-473-ml-8390402001.html,,,
,perros,,PharmiVet,https://pharmivet.pe/higiene-y-cuidado/613-repelente-nomas-vetlinex-x-500-ml-8190405002.html,,,
,perros,,PharmiVet,https://pharmivet.pe/antiparasitarios/1111-desparasitante-paravetol-plus-x-32-tab-8400105002.html,,,
,alimentos,,PharmiVet,https://pharmivet.pe/promocion/1513-liquidacion_hill_s-sd-feline-indoor-adult-11chicken-x-16-kg-82403010261.html,,,
,alimentos,,PharmiVet,https://pharmivet.pe/alimentos/1351-cadera-de-cerdo-barker-hueso-deshidratado-8680304021.html,,,
Snacks,Perro,,MisterPet,,https://www.misterpet.pe/product/country-dog-mantenimiento-15-kg,,159.0
Juguetes,Perro,,MisterPet,,https://www.misterpet.pe/product/monge-canine-hypoallergenic-salmon-y-atun-2-5-kg,86.0,77.4
Medicinas,Perro,,MisterPet,,https://www.misterpet.pe/product/monge-puppy-mini-cordero-y-arroz-2-5-kg,83.0,74.7
Alimento Seco,Gato,,MisterPet,,https://www.misterpet.pe/product/brit-care-weight-loss-rabbit-rice-3-kg,,107.0
Antipulgas,Perro,,MisterPet,,https://www.misterpet.pe/product/rivolta-12-x-1-unid-de-10-1-kg-20-kg,42.0,37.8
Alimento Seco,Perro,,MisterPet,,https://www.misterpet.pe/product/monge-canine-puppy-salmon-y-arroz-2-5-kg,83.0,74.7
Alimento Humedo,Perro,,MisterPet,,https://www.misterpet.pe/product/monge-canine-adult-cordero-arroz-y-papa-2-5-kg,83.0,74.7
Juguetes,Gato,,MisterPet,,https://www.misterpet.pe/product/puppylandia-raton-colita,,10.0
Alimento Seco,Perro,,MisterPet,,https://www.misterpet.pe/product/taste-of-the-wild-southwest-canyon-canine-jabali-12-2-kg,,328.5
Alimento  Seco Medicado,Perro,,MisterPet,,https://www.misterpet.pe/product/taste-of-the-wild-sierra-mountain-canine-2-kg,,94.4
Juguetes,Perro,,MisterPet,,https://www.misterpet.pe/product/ducca-adulto-mantenimiento-15-kg,,160.0
Alimento Humedo,Gato,,MisterPet,,https://www.misterpet.pe/product/fancy-feast-salmon-feast-in-gravy-85-gr,6.8,5.44
Snacks,Perro,,MisterPet,,https://www.misterpet.pe/product/mio-cane-super-premium-piel-sensible-4-kg,85.0,80.75
Medicinas,Perro,,MisterPet,,https://www.misterpet.pe/product/equilibrio-alimento-para-perro-adulto-indoor-small-breeds-2-kg,72.0,64.8
Juguetes,Gato,,MisterPet,,https://www.misterpet.pe/product/puppylandia-juguete-raton-con-sonido,,9.5
Alimento Humedo,Perro,,MisterPet,,https://www.misterpet.pe/product/mio-cane-super-premium-piel-sensible-4-kg,85.0,80.75
Juguetes,Perro,,MisterPet,,https://www.misterpet.pe/product/monge-canine-adult-salmon-light-2-5-kg,83.0,74.7
Juguetes,Perro,,MisterPet,,https://www.misterpet.pe/product/brit-care-weight-loss-rabbit-rice-3-kg,,107.0
Alimento Seco,Perro,,MisterPet,,https://www.misterpet.pe/product/belcando-adult-cordero-arroz-12-5-kg,319.5,303.53
Areneros,Gato,,MisterPet,,https://www.misterpet.pe/product/bano-cerrado-para-gato-modelo-oscar,,89.0
Alimento Humedo,Gato,,MisterPet,,https://www.misterpet.pe/product/ducca-cachorro-3-kg,,65.0
Alimento Seco,Perro,,MisterPet,,https://www.misterpet.pe/product/monge-puppy-mini-cordero-y-arroz-2-5-kg,83.0,74.7
Arena,Gato,,MisterPet,,https://www.misterpet.pe/product/hills-sd-canine-7-active-longevity-small-bites-2-kg,95.0,85.5
Alimento Seco,Perro,,MisterPet,,https://www.misterpet.pe/product/brit-care-mini-gf-adult-lamb-2-kg,,88.0
Alimento  Seco Medicado,Perro,,MisterPet,,https://www.misterpet.pe/product/brit-care-senior-lamb-hypoallergenic-3-kg,,93.0
Snacks,Gato,,MisterPet,,https://www.misterpet.pe/product/equilibrio-alimento-para-perro-adulto-light-small-breeds-2-kg,77.0,69.3
Vitaminas y Suplemento,Gato,,MisterPet,,https://www.misterpet.pe/product/felovite-oral-gel-70-9-g,,45.0
Snacks,Perro,,MisterPet,,https://www.misterpet.pe/product/brit-premium-by-nature-junior-medium-3-kg,,64.0
Rascadores,Gato,,MisterPet,,https://www.misterpet.pe/product/puppylandia-rascador-tabla-con-raton-porfiado-y-pelotas-con-cascabel,,22.0
Arnes,Perro,,MisterPet,,https://www.misterpet.pe/product/monge-canine-adult-extra-small-salmon-y-arroz-2-5-kg,83.0,74.7
Antipulgas,Perro,,MisterPet,,https://www.misterpet.pe/product/ducca-adulto-3-kg,,60.0
Alimento Humedo,Gato,,MisterPet,,https://www.misterpet.pe/product/pro-plan-cachorro-razas-pequenas-3-kg,105.0,99.75
Juguetes,Perro,,MisterPet,,https://www.misterpet.pe/product/royal-canin-shih-tzu-adulto-1-5-kg,105.0,99.75
Alimento Seco,Gato,,MisterPet,,https://www.misterpet.pe/product/brit-care-mini-gf-yorkshire-salmon-y-atun-2-kg,,95.0
Alimento  Seco Medicado,Perro,,MisterPet,,https://www.misterpet.pe/product/promo-pro-plan-adult-razas-pequenas-3-kg-snack-beggin-de-tocino-y-carne,97.0,92.15
Alimento Seco,Gato,,MisterPet,,https://www.misterpet.pe/product/brit-premium-by-nature-adult-small-3-kg,,64.0
Juguetes,Perro,,MisterPet,,https://www.misterpet.pe/product/brit-care-mini-gf-yorkshire-salmon-y-atun-2-kg,,95.0
Arnes,Gato,,MisterPet,,https://www.misterpet.pe/product/puppylandia-arnes-modelo-tambora-talla-s,,12.0
Shampoo,Perro,,MisterPet,,https://www.misterpet.pe/product/brit-premium-by-nature-adult-small-3-kg,,64.0
Juguetes,Gato,,MisterPet,,https://www.misterpet.pe/product/taste-of-the-wild-appalachan-valley-small-breed-2-kg,,94.4
Pa침ales,Perro,,MisterPet,,https://www.misterpet.pe/product/ducca-adulto-3-kg,,60.0
Alimento Humedo,Gato,,MisterPet,,https://www.misterpet.pe/product/monge-canine-adult-mini-salmon-y-arroz-2-5-kg,83.0,74.7
Alimento Humedo,Perro,,MisterPet,,https://www.misterpet.pe/product/brit-premium-by-nature-junior-small-3-kg,,64.0
Alimento Humedo,Gato,,MisterPet,,https://www.misterpet.pe/product/equilibrio-alimento-para-perro-adulto-light-small-breeds-2-kg,77.0,69.3
Alimento Seco,Gato,,MisterPet,,https://www.misterpet.pe/product/monge-canine-adult-salmon-light-2-5-kg,83.0,74.7
Limpieza y Aseo,Perro,,MisterPet,,https://www.misterpet.pe/product/brit-premium-by-nature-sensitive-lamb-3-kg,,70.0
Snacks,Perro,,MisterPet,,https://www.misterpet.pe/product/promo-pro-plan-sensitive-skin-and-stomach-razas-medianas-y-grandes-3-kg-snack-beggin-tocino-con-queso,105.0,99.75
Alimento Humedo Medicado,Gato,,MisterPet,,https://www.misterpet.pe/product/hills-pd-feline-c-d-multicare-with-ocean-fish-156-gr,24.0,21.6
Shampoo,Perro,,MisterPet,,https://www.misterpet.pe/product/promo-pro-plan-cachorro-cordero-sensitive-skin-de-3-kg-snack-beggin-de-tocino-y-queso,79.0,75.05
Platos y Bebederos,Gato,,MisterPet,,https://www.misterpet.pe/product/ducca-adulto-raza-pequena-3-kg,,60.0
Medicinas,Gato,,MisterPet,,https://www.misterpet.pe/product/beaphar-catconfort-excellent-starter-kit-48-ml,,127.0
Alimento Seco,Gato,,MisterPet,,https://www.misterpet.pe/product/ducca-cachorro-3-kg,,65.0
Alimento Humedo,Perro,,MisterPet,,https://www.misterpet.pe/product/monge-canine-adult-mini-salmon-y-arroz-2-5-kg,83.0,74.7
Productos en Remate,,,MisterPet,,https://www.misterpet.pe/product/hills-sd-kitten-h-development-liver-chicken-entree-156-gr-vcto-corto,22.0,11.0
Collares,Perro,,MisterPet,,https://www.misterpet.pe/product/brit-premium-by-nature-junior-medium-3-kg,,64.0
Alimento Seco,Perro,,MisterPet,,https://www.misterpet.pe/product/brit-care-mini-gf-yorkshire-salmon-y-atun-2-kg,,95.0
Alimento Seco,Perro,,MisterPet,,https://www.misterpet.pe/product/monge-canine-adult-extra-small-salmon-y-arroz-2-5-kg,83.0,74.7
Antipulgas,Gato,,MisterPet,,https://www.misterpet.pe/product/ducca-cachorro-3-kg,,65.0
Vitaminas y Suplemento,Perro,,MisterPet,,https://www.misterpet.pe/product/nutrical-oral-gel-120-5-g,,45.0
Juguetes,Perro,,MisterPet,,https://www.misterpet.pe/product/brit-premium-by-nature-junior-small-3-kg,,64.0
Arena,Gato,,MisterPet,,https://www.misterpet.pe/product/pro-plan-cachorro-cordero-sensitive-skin-3-kg,79.0,75.05
Juguetes,Perro,,MisterPet,,https://www.misterpet.pe/product/brit-care-senior-lamb-hypoallergenic-3-kg,,93.0
Medicinas,Perro,,MisterPet,,https://www.misterpet.pe/product/hills-sd-canine-adult-small-bites-2-kg,95.0,85.5
Arnes,Perro,,MisterPet,,https://www.misterpet.pe/product/pro-plan-cachorro-cordero-sensitive-skin-3-kg,79.0,75.05
Vitaminas y Suplemento,Perro,,MisterPet,,https://www.misterpet.pe/product/brit-premium-by-nature-junior-small-3-kg,,64.0
Juguetes,Gato,,MisterPet,,https://www.misterpet.pe/product/brit-premium-by-nature-adult-medium-3-kg,,59.0
Medicinas,Gato,,MisterPet,,https://www.misterpet.pe/product/sentry-stop-that-spray-para-corregir-el-comportamiento-no-deseado-de-los-gatos-29-gr,,99.0
Alimento Humedo,Gato,,MisterPet,,https://www.misterpet.pe/product/felix-pate-pavo-y-menudencias-156-gr,6.9,5.52
Transportadores,Gato,,MisterPet,,https://www.misterpet.pe/product/duk-lup-mochila-mascota-talla-l,,64.0
Limpieza y Aseo,Gato,,MisterPet,,https://www.misterpet.pe/product/basa-pala-higienica-modelo-san-remo,,6.5
Vitaminas y Suplemento,Perro,,MisterPet,,https://www.misterpet.pe/product/par-pets-aceite-puro-de-trucha-250-ml,,40.0
Fajas,Perro,,MisterPet,,https://www.misterpet.pe/product/veter-pets-fajas-post-operatoria-para-macho-talla-xl,,78.0
Alimento Seco,Gato,,MisterPet,,https://www.misterpet.pe/product/brit-care-mini-gf-hair-skin-salmon-y-herring-2-kg,,88.0
Antipulgas,Perro,,MisterPet,,https://www.misterpet.pe/product/brit-premium-by-nature-adult-medium-3-kg,,59.0
Arena,Gato,,MisterPet,,https://www.misterpet.pe/product/monge-canine-puppy-cordero-y-arroz-2-5-kg,83.0,74.7
Alimento Seco,Perro,,MisterPet,,https://www.misterpet.pe/product/mio-cane-super-premium-piel-sensible-15-kg,235.0,223.25
Shampoo,Perro,,MisterPet,,https://www.misterpet.pe/product/vetlinex-shampoo-avena-glicerina-500-ml,24.7,21.0
Snacks,Perro,,MisterPet,,https://www.misterpet.pe/product/brit-care-mini-gf-puppy-lamb-2-kg,,95.0
Platos y Bebederos,Gato,,MisterPet,,https://www.misterpet.pe/product/brit-premium-by-nature-adult-small-3-kg,,64.0
Pa침ales,Perro,,MisterPet,,https://www.misterpet.pe/product/brit-premium-by-nature-junior-small-3-kg,,64.0
Snacks,Perro,,MisterPet,,https://www.misterpet.pe/product/promo-pro-plan-exigent-dog-small-breed-3-kg-snack-beggin-de-tocino-y-queso,105.0,99.75
Alimento Humedo,Perro,,MisterPet,,https://www.misterpet.pe/product/monge-canine-puppy-cordero-y-arroz-2-5-kg,83.0,74.7
Alimento Seco,Perro,,MisterPet,,https://www.misterpet.pe/product/pack-brit-premium-by-nature-junior-medium-15-kg-1-lata-de-profine-de-salmon-y-pollo-de-400-gr,,245.0
Alimento  Seco Medicado,Perro,,MisterPet,,https://www.misterpet.pe/product/monge-canine-puppy-salmon-y-arroz-2-5-kg,83.0,74.7
Snacks,Perro,,MisterPet,,https://www.misterpet.pe/product/pro-plan-sensitive-skin-razas-pequenas-3-kg,105.0,99.75
Antipulgas,Perro,,MisterPet,,https://www.misterpet.pe/product/rivolta-12-x-1-unid-5-1-hasta-10-kg,36.0,32.4
Snacks,Perro,,MisterPet,,https://www.misterpet.pe/product/hills-sd-adult-small-mini-2-kg,95.0,85.5
Fajas,Gato,,MisterPet,,https://www.misterpet.pe/product/veter-pets-fajas-post-operatoria-para-macho-talla-xs,,42.0
Alimento Humedo,Perro,,MisterPet,,https://www.misterpet.pe/product/monge-canine-adult-salmon-light-2-5-kg,83.0,74.7
Shampoo,Perro,,MisterPet,,https://www.misterpet.pe/product/mio-cane-super-premium-adulto-light-4-kg,75.0,71.25
Juguetes,Gato,,MisterPet,,https://www.misterpet.pe/product/pro-plan-sensitive-skin-razas-medianas-y-grandes-3-kg,105.0,94.5
Juguetes,Perro,,MisterPet,,https://www.misterpet.pe/product/pro-plan-cachorro-razas-medianas-3-kg,105.0,99.75
Juguetes,Perro,,MisterPet,,https://www.misterpet.pe/product/brit-care-mini-gf-puppy-lamb-2-kg,,95.0
Limpieza y Aseo,Perro,,MisterPet,,https://www.misterpet.pe/product/mio-cane-super-premium-piel-sensible-4-kg,85.0,80.75
Snacks,Gato,,MisterPet,,https://www.misterpet.pe/product/monge-canine-puppy-cordero-y-arroz-2-5-kg,83.0,74.7
Collares,Perro,,MisterPet,,https://www.misterpet.pe/product/equilibrio-alimento-para-perro-adulto-light-small-breeds-2-kg,77.0,69.3
Alimento  Seco Medicado,Perro,,MisterPet,,https://www.misterpet.pe/product/monge-canine-adult-extra-small-salmon-y-arroz-2-5-kg,83.0,74.7
Snacks,Perro,,MisterPet,,https://www.misterpet.pe/product/promo-pro-plan-sensitive-skin-razas-pequenas-3-kg-snack-beggin-de-tocino-y-carne,105.0,99.75
Alimento Seco,Gato,,MisterPet,,https://www.misterpet.pe/product/equilibrio-alimento-para-perro-cachorro-small-breeds-2-kg,82.0,73.8
Alimento Seco,Perro,,MisterPet,,https://www.misterpet.pe/product/equilibrio-puppies-todas-las-razas-2-kg,76.5,68.85
